<?xml version="1.0" encoding="utf-8" ?>
<dwsync>
<file name="Techmania.css" server="C:/xampp/htdocs/SistemaRecursos/" local="129279228640000000" remote="129279228640000000" />
<file name="general.css" server="C:/xampp/htdocs/SistemaRecursos/" local="129037274680000000" remote="129037274680000000" />
<file name="Techmania.css" server="C:/wamp/www/sieAdmin/" local="132143336364422428" remote="132143336360000000" />
<file name="general.css" server="C:/wamp/www/sieAdmin/" local="130604554260000000" remote="130604554260000000" />
<file name="Techmania.css" server="C:/wamp64/www/sieAdmin/" local="132143336380000000" remote="132143336380000000" />
<file name="general.css" server="C:/wamp64/www/sieAdmin/" local="130604554260000000" remote="130604554260000000" />
<file name="Techmania.css" server="C:/wamp64/www/sgaSecretaria/" local="132143336380000000" remote="132143336380000000" />
<file name="general.css" server="C:/wamp64/www/sgaSecretaria/" local="130604554260000000" remote="130604554260000000" />
</dwsync>