<?xml version="1.0" encoding="utf-8" ?>
<dwsync>
<file name="headerbg2.gif" server="C:/AppServ/www/CapitalHumano/" local="130676418302539072" remote="130676418300000000" />
<file name="tableft.gif" server="C:/AppServ/www/CapitalHumano/" local="128149823740000000" remote="128149823740000000" />
<file name="tabright.gif" server="C:/AppServ/www/CapitalHumano/" local="128149823700000000" remote="128149823700000000" />
<file name="quote.gif" server="C:/AppServ/www/CapitalHumano/" local="128032717260000000" remote="128032717260000000" />
<file name="buttonbg.gif" server="C:/AppServ/www/CapitalHumano/" local="128032797440000000" remote="128032797440000000" />
<file name="input.png" server="C:/AppServ/www/CapitalHumano/" local="127884845500000000" remote="127884845500000000" />
<file name="square_arrow.gif" server="C:/AppServ/www/CapitalHumano/" local="128013751060000000" remote="128013751060000000" />
<file name="casa.png" server="C:/AppServ/www/CapitalHumano/" local="129398561740000000" remote="129398561740000000" />
<file name="bgInput.gif" server="C:/AppServ/www/CapitalHumano/" local="128678771740000000" remote="128678771740000000" />
<file name="bgInputF.gif" server="C:/AppServ/www/CapitalHumano/" local="128678772000000000" remote="128678772000000000" />
<file name="bgpInputCeleste.gif" server="C:/AppServ/www/CapitalHumano/" local="129024280520000000" remote="129024280520000000" />
<file name="fotoSubir.png" server="C:/AppServ/www/CapitalHumano/" local="129392549440000000" remote="129392549440000000" />
<file name="curso.gif" server="C:/AppServ/www/CapitalHumano/" local="129056198920000000" remote="129056198920000000" />
<file name="Excel2.png" server="C:/AppServ/www/CapitalHumano/" local="129280056640000000" remote="129280056640000000" />
<file name="MenuPrincipal2.gif" server="C:/AppServ/www/CapitalHumano/" local="130335967020000000" remote="130335967020000000" />
<file name="unchecked.gif" server="C:/AppServ/www/CapitalHumano/" local="128897440540000000" remote="128897440540000000" />
<file name="checked.gif" server="C:/AppServ/www/CapitalHumano/" local="128897440540000000" remote="128897440540000000" />
<file name="dhtmlxgrid_icon.gif" server="C:/AppServ/www/CapitalHumano/" local="128556958560000000" remote="128556958560000000" />
<file name="Printer-2.gif" server="C:/AppServ/www/CapitalHumano/" local="130429251049023440" remote="130429251040000000" />
<file name="subMarcaciones.jpg" server="C:/AppServ/www/CapitalHumano/" local="129770107840000000" remote="129770107840000000" />
<file name="edit_add.png" server="C:/AppServ/www/CapitalHumano/" local="128764135220000000" remote="128764135220000000" />
<file name="TC.png" server="C:/AppServ/www/CapitalHumano/" local="128764097500000000" remote="128764097500000000" />
<file name="basura.png" server="C:/AppServ/www/CapitalHumano/" local="129013805220000000" remote="129013805220000000" />
<file name="gt3.gif" server="C:/AppServ/www/CapitalHumano/" local="130288295140000000" remote="130288295140000000" />
<file name="ausencias.png" server="C:/AppServ/www/CapitalHumano/" local="129298190680000000" remote="129298190680000000" />
<file name="advancedsettings.gif" server="C:/AppServ/www/CapitalHumano/" local="130348769120000000" remote="130348769120000000" />
<file name="VACA.gif" server="C:/AppServ/www/CapitalHumano/" local="130426673606527991" remote="130426673600000000" />
<file name="Vacaciones.png" server="C:/AppServ/www/CapitalHumano/" local="129316360860000000" remote="129316360860000000" />
<file name="licencia.png" server="C:/AppServ/www/CapitalHumano/" local="129515241260000000" remote="129515241260000000" />
<file name="departamentos.png" server="C:/AppServ/www/CapitalHumano/" local="129314605140000000" remote="129314605140000000" />
<file name="x.png" server="C:/AppServ/www/CapitalHumano/" local="129398582100000000" remote="129398582100000000" />
<file name="Up.jpg" server="C:/AppServ/www/CapitalHumano/" local="129770109760000000" remote="129770109760000000" />
</dwsync>